{
  "Delete" : {
    "transaction" : "Delete",
    "sampleCount" : 8000,
    "errorCount" : 8000,
    "errorPct" : 100.0,
    "meanResTime" : 79.85000000000021,
    "medianResTime" : 57.0,
    "minResTime" : 0.0,
    "maxResTime" : 2698.0,
    "pct1ResTime" : 118.0,
    "pct2ResTime" : 136.0,
    "pct3ResTime" : 953.0,
    "throughput" : 1814.0589569160998,
    "receivedKBytesPerSec" : 4005.6135735544217,
    "sentKBytesPerSec" : 50.301826459750565
  },
  "Post" : {
    "transaction" : "Post",
    "sampleCount" : 8000,
    "errorCount" : 6810,
    "errorPct" : 85.125,
    "meanResTime" : 76.73087499999991,
    "medianResTime" : 55.0,
    "minResTime" : 0.0,
    "maxResTime" : 2709.0,
    "pct1ResTime" : 118.0,
    "pct2ResTime" : 132.0,
    "pct3ResTime" : 770.9799999999996,
    "throughput" : 1789.7091722595078,
    "receivedKBytesPerSec" : 3986.6317987975394,
    "sentKBytesPerSec" : 57.195539709172266
  },
  "Total" : {
    "transaction" : "Total",
    "sampleCount" : 40000,
    "errorCount" : 35304,
    "errorPct" : 88.26,
    "meanResTime" : 94.0378750000001,
    "medianResTime" : 81.0,
    "minResTime" : 0.0,
    "maxResTime" : 3458.0,
    "pct1ResTime" : 119.0,
    "pct2ResTime" : 162.0,
    "pct3ResTime" : 2631.980000000003,
    "throughput" : 8492.569002123142,
    "receivedKBytesPerSec" : 33125.270161557855,
    "sentKBytesPerSec" : 232.72935741772824
  },
  "Get" : {
    "transaction" : "Get",
    "sampleCount" : 8000,
    "errorCount" : 6879,
    "errorPct" : 85.9875,
    "meanResTime" : 155.56324999999995,
    "medianResTime" : 83.0,
    "minResTime" : 0.0,
    "maxResTime" : 3458.0,
    "pct1ResTime" : 169.0,
    "pct2ResTime" : 216.0,
    "pct3ResTime" : 3429.9799999999996,
    "throughput" : 1717.8441056474126,
    "receivedKBytesPerSec" : 18235.414891225573,
    "sentKBytesPerSec" : 37.141249060554
  },
  "Get id" : {
    "transaction" : "Get id",
    "sampleCount" : 8000,
    "errorCount" : 6840,
    "errorPct" : 85.5,
    "meanResTime" : 77.74049999999986,
    "medianResTime" : 56.0,
    "minResTime" : 0.0,
    "maxResTime" : 2780.0,
    "pct1ResTime" : 118.0,
    "pct2ResTime" : 133.0,
    "pct3ResTime" : 824.5899999999692,
    "throughput" : 1757.0832418185812,
    "receivedKBytesPerSec" : 3927.355589721063,
    "sentKBytesPerSec" : 39.56011146496815
  },
  "Put" : {
    "transaction" : "Put",
    "sampleCount" : 8000,
    "errorCount" : 6775,
    "errorPct" : 84.6875,
    "meanResTime" : 80.30474999999986,
    "medianResTime" : 58.0,
    "minResTime" : 0.0,
    "maxResTime" : 2732.0,
    "pct1ResTime" : 118.0,
    "pct2ResTime" : 141.0,
    "pct3ResTime" : 826.9799999999996,
    "throughput" : 1796.5416573096788,
    "receivedKBytesPerSec" : 3981.9100185268358,
    "sentKBytesPerSec" : 59.63983199528408
  }
}