{
  "Delete" : {
    "transaction" : "Delete",
    "sampleCount" : 80641,
    "errorCount" : 80641,
    "errorPct" : 100.0,
    "meanResTime" : 326.251559380467,
    "medianResTime" : 464.0,
    "minResTime" : 0.0,
    "maxResTime" : 28006.0,
    "pct1ResTime" : 611.0,
    "pct2ResTime" : 696.0,
    "pct3ResTime" : 2270.9100000000144,
    "throughput" : 884.6482952301549,
    "receivedKBytesPerSec" : 2125.4121433140713,
    "sentKBytesPerSec" : 11.326104511085392
  },
  "Post" : {
    "transaction" : "Post",
    "sampleCount" : 81773,
    "errorCount" : 76621,
    "errorPct" : 93.69963,
    "meanResTime" : 318.3593851271194,
    "medianResTime" : 464.5,
    "minResTime" : 0.0,
    "maxResTime" : 28189.0,
    "pct1ResTime" : 616.0,
    "pct2ResTime" : 700.0,
    "pct3ResTime" : 2000.9200000000128,
    "throughput" : 897.0862496434605,
    "receivedKBytesPerSec" : 2171.824090275797,
    "sentKBytesPerSec" : 12.446956181297585
  },
  "Total" : {
    "transaction" : "Total",
    "sampleCount" : 408944,
    "errorCount" : 388878,
    "errorPct" : 95.093216,
    "meanResTime" : 316.8573765601166,
    "medianResTime" : 481.0,
    "minResTime" : 0.0,
    "maxResTime" : 28189.0,
    "pct1ResTime" : 740.9000000000015,
    "pct2ResTime" : 1640.9000000000015,
    "pct3ResTime" : 6803.890000000018,
    "throughput" : 4484.1334239785965,
    "receivedKBytesPerSec" : 30487.782849541658,
    "sentKBytesPerSec" : 53.487286933375735
  },
  "Get" : {
    "transaction" : "Get",
    "sampleCount" : 82981,
    "errorCount" : 78400,
    "errorPct" : 94.47946,
    "meanResTime" : 315.1830660030627,
    "medianResTime" : 460.0,
    "minResTime" : 0.0,
    "maxResTime" : 28126.0,
    "pct1ResTime" : 614.0,
    "pct2ResTime" : 691.0,
    "pct3ResTime" : 1633.9600000000064,
    "throughput" : 909.8993398978048,
    "receivedKBytesPerSec" : 21851.787960245154,
    "sentKBytesPerSec" : 7.9789475920524575
  },
  "Get id" : {
    "transaction" : "Get id",
    "sampleCount" : 82341,
    "errorCount" : 77486,
    "errorPct" : 94.10379,
    "meanResTime" : 306.74634750610124,
    "medianResTime" : 462.0,
    "minResTime" : 0.0,
    "maxResTime" : 28179.0,
    "pct1ResTime" : 609.0,
    "pct2ResTime" : 684.0,
    "pct3ResTime" : 1712.7400000000416,
    "throughput" : 903.3372827804106,
    "receivedKBytesPerSec" : 2194.9918645504213,
    "sentKBytesPerSec" : 8.488322132948262
  },
  "Put" : {
    "transaction" : "Put",
    "sampleCount" : 81208,
    "errorCount" : 75730,
    "errorPct" : 93.25436,
    "meanResTime" : 317.97928775489623,
    "medianResTime" : 463.0,
    "minResTime" : 0.0,
    "maxResTime" : 27995.0,
    "pct1ResTime" : 615.0,
    "pct2ResTime" : 701.0,
    "pct3ResTime" : 2003.9400000000096,
    "throughput" : 890.799995612255,
    "receivedKBytesPerSec" : 2147.7248556500444,
    "sentKBytesPerSec" : 13.267551151508837
  }
}