{
  "Delete" : {
    "transaction" : "Delete",
    "sampleCount" : 57274,
    "errorCount" : 57274,
    "errorPct" : 100.0,
    "meanResTime" : 105.90810839124156,
    "medianResTime" : 71.0,
    "minResTime" : 0.0,
    "maxResTime" : 11465.0,
    "pct1ResTime" : 84.0,
    "pct2ResTime" : 87.0,
    "pct3ResTime" : 862.0,
    "throughput" : 1907.8614257161892,
    "receivedKBytesPerSec" : 4776.751631724684,
    "sentKBytesPerSec" : 9.609218854097268
  },
  "Post" : {
    "transaction" : "Post",
    "sampleCount" : 57673,
    "errorCount" : 56780,
    "errorPct" : 98.451614,
    "meanResTime" : 99.87670140273579,
    "medianResTime" : 72.0,
    "minResTime" : 0.0,
    "maxResTime" : 11462.0,
    "pct1ResTime" : 85.0,
    "pct2ResTime" : 87.0,
    "pct3ResTime" : 749.0,
    "throughput" : 1915.3465510942845,
    "receivedKBytesPerSec" : 4825.311289634602,
    "sentKBytesPerSec" : 8.961633622264289
  },
  "Total" : {
    "transaction" : "Total",
    "sampleCount" : 288351,
    "errorCount" : 285300,
    "errorPct" : 98.94192,
    "meanResTime" : 99.775194121054,
    "medianResTime" : 76.0,
    "minResTime" : 0.0,
    "maxResTime" : 11468.0,
    "pct1ResTime" : 86.0,
    "pct2ResTime" : 88.0,
    "pct3ResTime" : 2324.0,
    "throughput" : 9532.264462809919,
    "receivedKBytesPerSec" : 28269.830578512396,
    "sentKBytesPerSec" : 38.26158961776859
  },
  "Get" : {
    "transaction" : "Get",
    "sampleCount" : 58068,
    "errorCount" : 57653,
    "errorPct" : 99.285324,
    "meanResTime" : 99.46729696218289,
    "medianResTime" : 69.0,
    "minResTime" : 0.0,
    "maxResTime" : 11467.0,
    "pct1ResTime" : 84.0,
    "pct2ResTime" : 86.0,
    "pct3ResTime" : 94.0,
    "throughput" : 1919.6033057851241,
    "receivedKBytesPerSec" : 9117.419647469009,
    "sentKBytesPerSec" : 4.299909607438017
  },
  "Get id" : {
    "transaction" : "Get id",
    "sampleCount" : 57878,
    "errorCount" : 57179,
    "errorPct" : 98.79229,
    "meanResTime" : 94.89909810290715,
    "medianResTime" : 69.0,
    "minResTime" : 0.0,
    "maxResTime" : 11449.0,
    "pct1ResTime" : 84.0,
    "pct2ResTime" : 86.0,
    "pct3ResTime" : 648.0,
    "throughput" : 1917.061375906727,
    "receivedKBytesPerSec" : 4845.802621745719,
    "sentKBytesPerSec" : 5.374473922278162
  },
  "Put" : {
    "transaction" : "Put",
    "sampleCount" : 57458,
    "errorCount" : 56414,
    "errorPct" : 98.18302,
    "meanResTime" : 98.78293710188369,
    "medianResTime" : 72.0,
    "minResTime" : 0.0,
    "maxResTime" : 11468.0,
    "pct1ResTime" : 85.0,
    "pct2ResTime" : 88.0,
    "pct3ResTime" : 796.0,
    "throughput" : 1911.062329541675,
    "receivedKBytesPerSec" : 4801.69531977566,
    "sentKBytesPerSec" : 10.203139031630414
  }
}