{
  "Delete" : {
    "transaction" : "Delete",
    "sampleCount" : 100,
    "errorCount" : 100,
    "errorPct" : 100.0,
    "meanResTime" : 0.68,
    "medianResTime" : 0.0,
    "minResTime" : 0.0,
    "maxResTime" : 4.0,
    "pct1ResTime" : 3.0,
    "pct2ResTime" : 3.0,
    "pct3ResTime" : 3.989999999999995,
    "throughput" : 113.89521640091115,
    "receivedKBytesPerSec" : 30.36464265375854,
    "sentKBytesPerSec" : 20.13186930523918
  },
  "Post" : {
    "transaction" : "Post",
    "sampleCount" : 100,
    "errorCount" : 0,
    "errorPct" : 0.0,
    "meanResTime" : 0.7899999999999998,
    "medianResTime" : 1.0,
    "minResTime" : 0.0,
    "maxResTime" : 5.0,
    "pct1ResTime" : 2.0,
    "pct2ResTime" : 3.0,
    "pct3ResTime" : 5.0,
    "throughput" : 113.12217194570135,
    "receivedKBytesPerSec" : 30.531939338235293,
    "sentKBytesPerSec" : 24.303591628959275
  },
  "Total" : {
    "transaction" : "Total",
    "sampleCount" : 500,
    "errorCount" : 100,
    "errorPct" : 20.0,
    "meanResTime" : 1.2139999999999986,
    "medianResTime" : 1.0,
    "minResTime" : 0.0,
    "maxResTime" : 29.0,
    "pct1ResTime" : 2.0,
    "pct2ResTime" : 3.0,
    "pct3ResTime" : 29.0,
    "throughput" : 544.6623093681917,
    "receivedKBytesPerSec" : 479.43261505991285,
    "sentKBytesPerSec" : 99.99659586056644
  },
  "Get" : {
    "transaction" : "Get",
    "sampleCount" : 100,
    "errorCount" : 0,
    "errorPct" : 0.0,
    "meanResTime" : 3.49,
    "medianResTime" : 1.0,
    "minResTime" : 0.0,
    "maxResTime" : 29.0,
    "pct1ResTime" : 10.500000000000028,
    "pct2ResTime" : 29.0,
    "pct3ResTime" : 29.0,
    "throughput" : 109.05125408942203,
    "receivedKBytesPerSec" : 363.72853053435114,
    "sentKBytesPerSec" : 16.82626772082879
  },
  "Get id" : {
    "transaction" : "Get id",
    "sampleCount" : 100,
    "errorCount" : 0,
    "errorPct" : 0.0,
    "meanResTime" : 0.44999999999999996,
    "medianResTime" : 0.0,
    "minResTime" : 0.0,
    "maxResTime" : 3.0,
    "pct1ResTime" : 1.0,
    "pct2ResTime" : 2.0,
    "pct3ResTime" : 3.0,
    "throughput" : 112.99435028248587,
    "receivedKBytesPerSec" : 29.90377824858757,
    "sentKBytesPerSec" : 17.545021186440678
  },
  "Put" : {
    "transaction" : "Put",
    "sampleCount" : 100,
    "errorCount" : 0,
    "errorPct" : 0.0,
    "meanResTime" : 0.6599999999999998,
    "medianResTime" : 0.0,
    "minResTime" : 0.0,
    "maxResTime" : 4.0,
    "pct1ResTime" : 2.0,
    "pct2ResTime" : 3.0,
    "pct3ResTime" : 3.989999999999995,
    "throughput" : 113.50737797956867,
    "receivedKBytesPerSec" : 30.039550227014757,
    "sentKBytesPerSec" : 24.6080448354143
  }
}