{
  "Delete" : {
    "transaction" : "Delete",
    "sampleCount" : 2000,
    "errorCount" : 2000,
    "errorPct" : 100.0,
    "meanResTime" : 40.523999999999994,
    "medianResTime" : 16.0,
    "minResTime" : 0.0,
    "maxResTime" : 415.0,
    "pct1ResTime" : 75.0,
    "pct2ResTime" : 232.94999999999982,
    "pct3ResTime" : 410.0,
    "throughput" : 1562.5,
    "receivedKBytesPerSec" : 2496.221923828125,
    "sentKBytesPerSec" : 116.5496826171875
  },
  "Post" : {
    "transaction" : "Post",
    "sampleCount" : 2000,
    "errorCount" : 1177,
    "errorPct" : 58.85,
    "meanResTime" : 35.919000000000004,
    "medianResTime" : 18.0,
    "minResTime" : 0.0,
    "maxResTime" : 526.0,
    "pct1ResTime" : 61.0,
    "pct2ResTime" : 87.0,
    "pct3ResTime" : 386.96000000000004,
    "throughput" : 1470.5882352941178,
    "receivedKBytesPerSec" : 2387.349925321691,
    "sentKBytesPerSec" : 130.01206341911762
  },
  "Total" : {
    "transaction" : "Total",
    "sampleCount" : 10000,
    "errorCount" : 6748,
    "errorPct" : 67.48,
    "meanResTime" : 57.15769999999993,
    "medianResTime" : 18.0,
    "minResTime" : 0.0,
    "maxResTime" : 914.0,
    "pct1ResTime" : 114.0,
    "pct2ResTime" : 267.0,
    "pct3ResTime" : 826.0,
    "throughput" : 6199.628022318661,
    "receivedKBytesPerSec" : 19947.07612465127,
    "sentKBytesPerSec" : 467.340553316801
  },
  "Get" : {
    "transaction" : "Get",
    "sampleCount" : 2000,
    "errorCount" : 1209,
    "errorPct" : 60.45,
    "meanResTime" : 137.77949999999976,
    "medianResTime" : 20.0,
    "minResTime" : 0.0,
    "maxResTime" : 914.0,
    "pct1ResTime" : 701.1000000000072,
    "pct2ResTime" : 826.0,
    "pct3ResTime" : 894.0,
    "throughput" : 1273.8853503184712,
    "receivedKBytesPerSec" : 12248.667645302547,
    "sentKBytesPerSec" : 77.73810708598725
  },
  "Get id" : {
    "transaction" : "Get id",
    "sampleCount" : 2000,
    "errorCount" : 1198,
    "errorPct" : 59.9,
    "meanResTime" : 32.80499999999998,
    "medianResTime" : 17.0,
    "minResTime" : 0.0,
    "maxResTime" : 526.0,
    "pct1ResTime" : 59.0,
    "pct2ResTime" : 77.0,
    "pct3ResTime" : 371.0,
    "throughput" : 1331.5579227696405,
    "receivedKBytesPerSec" : 2190.620838881491,
    "sentKBytesPerSec" : 82.90898593541944
  },
  "Put" : {
    "transaction" : "Put",
    "sampleCount" : 2000,
    "errorCount" : 1164,
    "errorPct" : 58.2,
    "meanResTime" : 38.760999999999974,
    "medianResTime" : 19.5,
    "minResTime" : 0.0,
    "maxResTime" : 414.0,
    "pct1ResTime" : 61.0,
    "pct2ResTime" : 144.84999999999945,
    "pct3ResTime" : 399.0,
    "throughput" : 1497.005988023952,
    "receivedKBytesPerSec" : 2404.1565306886228,
    "sentKBytesPerSec" : 135.66031998502993
  }
}