{
  "Delete" : {
    "transaction" : "Delete",
    "sampleCount" : 95371,
    "errorCount" : 95371,
    "errorPct" : 100.0,
    "meanResTime" : 214.15849681768987,
    "medianResTime" : 194.0,
    "minResTime" : 0.0,
    "maxResTime" : 23939.0,
    "pct1ResTime" : 267.90000000000146,
    "pct2ResTime" : 276.0,
    "pct3ResTime" : 393.0,
    "throughput" : 1579.7747225443102,
    "receivedKBytesPerSec" : 3935.263320849553,
    "sentKBytesPerSec" : 9.495205995320523
  },
  "Post" : {
    "transaction" : "Post",
    "sampleCount" : 96199,
    "errorCount" : 93913,
    "errorPct" : 97.62367,
    "meanResTime" : 205.67815673759839,
    "medianResTime" : 194.0,
    "minResTime" : 0.0,
    "maxResTime" : 23962.0,
    "pct1ResTime" : 267.0,
    "pct2ResTime" : 275.0,
    "pct3ResTime" : 334.0,
    "throughput" : 1593.0943115012005,
    "receivedKBytesPerSec" : 3987.2919922683614,
    "sentKBytesPerSec" : 9.901633787364412
  },
  "Total" : {
    "transaction" : "Total",
    "sampleCount" : 480961,
    "errorCount" : 472325,
    "errorPct" : 98.20443,
    "meanResTime" : 207.8983639006032,
    "medianResTime" : 195.0,
    "minResTime" : 0.0,
    "maxResTime" : 23962.0,
    "pct1ResTime" : 272.0,
    "pct2ResTime" : 278.0,
    "pct3ResTime" : 15873.950000000008,
    "throughput" : 7956.475706794156,
    "receivedKBytesPerSec" : 28388.463069720965,
    "sentKBytesPerSec" : 42.56781155395458
  },
  "Get" : {
    "transaction" : "Get",
    "sampleCount" : 96978,
    "errorCount" : 95174,
    "errorPct" : 98.139786,
    "meanResTime" : 204.14713646393994,
    "medianResTime" : 194.0,
    "minResTime" : 0.0,
    "maxResTime" : 23943.0,
    "pct1ResTime" : 266.0,
    "pct2ResTime" : 274.0,
    "pct3ResTime" : 299.0,
    "throughput" : 1604.2945292726101,
    "receivedKBytesPerSec" : 12509.632021931711,
    "sentKBytesPerSec" : 5.7814425693559865
  },
  "Get id" : {
    "transaction" : "Get id",
    "sampleCount" : 96603,
    "errorCount" : 94479,
    "errorPct" : 97.80131,
    "meanResTime" : 204.98134633500027,
    "medianResTime" : 194.0,
    "minResTime" : 0.0,
    "maxResTime" : 23943.0,
    "pct1ResTime" : 267.0,
    "pct2ResTime" : 275.0,
    "pct3ResTime" : 315.0,
    "throughput" : 1599.4138975810858,
    "receivedKBytesPerSec" : 4012.082380037335,
    "sentKBytesPerSec" : 6.558097635101574
  },
  "Put" : {
    "transaction" : "Put",
    "sampleCount" : 95810,
    "errorCount" : 93388,
    "errorPct" : 97.47208,
    "meanResTime" : 210.63425529694302,
    "medianResTime" : 195.0,
    "minResTime" : 0.0,
    "maxResTime" : 23943.0,
    "pct1ResTime" : 267.0,
    "pct2ResTime" : 276.0,
    "pct3ResTime" : 371.9600000000064,
    "throughput" : 1586.993970714901,
    "receivedKBytesPerSec" : 3961.9230885696184,
    "sentKBytesPerSec" : 10.873599309282449
  }
}